{
  "fs": 128,
  "channels": [
    "FC5",
    "C3",
    "CP5"
  ],
  "channel_idx": [
    7,
    12,
    17
  ],
  "feature_names": [
    "FC5_delta",
    "FC5_theta",
    "FC5_alpha",
    "FC5_beta",
    "FC5_gamma",
    "FC5_fatigue_idx",
    "FC5_alpha_theta",
    "C3_delta",
    "C3_theta",
    "C3_alpha",
    "C3_beta",
    "C3_gamma",
    "C3_fatigue_idx",
    "C3_alpha_theta",
    "CP5_delta",
    "CP5_theta",
    "CP5_alpha",
    "CP5_beta",
    "CP5_gamma",
    "CP5_fatigue_idx",
    "CP5_alpha_theta"
  ],
  "fi_stats": {
    "FC5": {
      "alert_mean": 0.36477602991177066,
      "alert_std": 0.31764313942094163,
      "drowsy_mean": 0.5033711853358036,
      "threshold": 0.8412407390431831,
      "change_pct": 37.994589572553686
    },
    "C3": {
      "alert_mean": 0.3731023670108505,
      "alert_std": 0.2666175317958775,
      "drowsy_mean": 0.5128064316525169,
      "threshold": 0.7730286647046667,
      "change_pct": 37.443896633763146
    },
    "CP5": {
      "alert_mean": 0.33653686199557414,
      "alert_std": 0.19244211618199486,
      "drowsy_mean": 0.46039140161409337,
      "threshold": 0.6252000362685664,
      "change_pct": 36.80266669276427
    }
  },
  "weights": {
    "FC5": 0.33850854692053634,
    "C3": 0.3336022097655208,
    "CP5": 0.32788924331394287
  },
  "scaler_mean": [
    25.80915224855601,
    7.717011107147724,
    12.357397061221995,
    12.25684198192994,
    5.872088750053291,
    0.4340736076237862,
    1.8113318544853654,
    4577.869424078116,
    1198.3187661644538,
    658.9656016996726,
    934.2780507339727,
    172.1166291386611,
    0.44295439933168534,
    1.8542066747614863,
    95.22837621074697,
    33.90194929832269,
    38.935571657076146,
    49.48063472929083,
    17.179044945494812,
    0.3984641318048338,
    2.051338772295065
  ],
  "scaler_std": [
    66.89339100546972,
    10.261555376510534,
    15.393336590339134,
    35.92880125364187,
    22.38627252522758,
    0.4226910650461172,
    1.6803314418031163,
    74106.2632661773,
    20886.812684022745,
    9838.678882496233,
    14221.161572651008,
    2569.851114938871,
    0.4063147260093422,
    1.6702981229510945,
    662.3341604715885,
    232.51814293718664,
    220.94829404523688,
    325.0475165361186,
    112.10156603631113,
    0.32127986968890476,
    1.8201351360299605
  ],
  "global_threshold": 0.0
}